Period,1-Nov, 2019 -> November 30,2020,,,,,,,,,,,,,,,,
,,,,,,,,,,,,,,,,,,,
Time,South of Vernon,Trail North of Sugar Creek,Robinson at Monroe,Trail West of Hershey,West of Grandview,Shirley,East of Shelbourne,Washington West of Vale Eastbound,Washington West of Vale Westbound,South Side Counter,South of Raab,YAI18086290,West Side Counter,Washington East of Rust Westbound,Washington East of Rust Eastbound,Grove-West of Vale (EB),Grove-West of Vale (WB),East Side Counter,Heartland CC
11/1/2019 0:00,295,268,,3935,57,1,0,,,,,,19,,,,,,16
11/2/2019 0:00,378,330,,2582,67,26,74,,,,,,56,,,,,,28
11/3/2019 0:00,509,497,,2506,133,411,7,,,,,,80,,,,,,19
11/4/2019 0:00,308,412,,2642,96,0,0,,,,,,44,,,,,,22
11/5/2019 0:00,409,401,,3877,97,78,34,,,,,,21,,,,,,19
11/6/2019 0:00,503,500,,3531,129,59,6,,,,,,47,,,,,,20
11/7/2019 0:00,217,233,,2759,37,4,7,,,,,,72,,,,,125,14
11/8/2019 0:00,186,194,,3244,41,10,2,,,9,,,15,,,,,21,5
11/9/2019 0:00,479,410,,3176,92,67,4,,,10,,,45,,,,,21,18
11/10/2019 0:00,529,519,,1950,100,136,73,,,16,,,36,,,,,87,283
11/11/2019 0:00,92,67,,545,6,0,0,,,1,,,7,,,,,0,13
11/12/2019 0:00,81,56,,3556,6,2,224,,,2,,,3,,,,,4,8
11/13/2019 0:00,115,65,,2421,6,0,0,,,2,,,8,,,,,8,7
11/14/2019 0:00,172,100,,2252,17,2,3,,,12,,,7,,,,,5,14
11/15/2019 0:00,244,168,,4274,41,6,351,,,5,,,28,,,,,8,12
11/16/2019 0:00,408,361,,3065,64,2,519,,,23,,,30,,,,,25,10
11/17/2019 0:00,256,183,,1358,31,6,0,,,8,,,9,,,,,22,8
11/18/2019 0:00,250,203,,1746,40,0,0,,,14,,,14,,,,,12,12
11/19/2019 0:00,183,159,,1288,28,0,0,,,14,,,25,,,,,6,8
11/20/2019 0:00,419,358,,2436,81,6,23,,,17,,,25,,,,,14,25
11/21/2019 0:00,245,161,,1404,45,3,0,,,9,,,15,,,,,2,9
11/22/2019 0:00,247,191,,3259,45,144,26,,,13,,,13,,,,,10,16
11/23/2019 0:00,318,207,,1778,36,0,1,,,11,,,14,,,,,12,6
11/24/2019 0:00,449,520,,2721,167,1582,5,,,27,,,34,,,,,54,10
11/25/2019 0:00,370,395,,3977,118,789,1,,,20,,,44,,,,,13,18
11/26/2019 0:00,178,162,,2053,51,2,1,,,6,,,12,,,,,2,7
11/27/2019 0:00,112,93,,1624,9,0,0,,,10,,,4,,,,,1,2
11/28/2019 0:00,200,213,,768,19,12,2,,,20,,,22,,,,,26,6
11/29/2019 0:00,222,186,,1409,28,1,1,,,8,,,17,,,,,5,3
11/30/2019 0:00,131,90,,422,12,2,0,,,0,,,11,,,,,9,4
12/1/2019 0:00,158,181,,654,19,2,0,,,19,,,12,,,,,10,3
12/2/2019 0:00,215,165,,2167,27,2,0,,,12,,,3,,,,,4,21
12/3/2019 0:00,249,196,,2860,40,52,2,,,20,,,19,,,,,10,10
12/4/2019 0:00,339,295,,4094,88,6,4,,,9,,,18,,,,,16,17
12/5/2019 0:00,403,329,,4519,97,614,4,,,29,,,28,,,,,11,22
12/6/2019 0:00,243,219,,3517,42,136,33,,,7,,,9,,,,,3,12
12/7/2019 0:00,379,383,,3776,59,23,5,,,16,,,20,,,,,11,6
12/8/2019 0:00,323,381,,1980,74,3,0,,,22,,,27,,,,,20,9
12/9/2019 0:00,250,198,,1290,42,5,19,,,8,,,11,,,,,8,9
12/10/2019 0:00,150,119,,3361,17,3,13,,,8,,,9,,,,,9,7
12/11/2019 0:00,176,148,,2987,40,24,8,,,6,,,10,,,,,8,9
12/12/2019 0:00,246,230,,3694,59,2,1,,,16,,,20,,,,,7,14
12/13/2019 0:00,280,264,,4025,82,6,8,,,11,,,22,,,,,11,13
12/14/2019 0:00,232,209,,1772,27,0,0,,,14,,,8,,,,,16,6
12/15/2019 0:00,130,123,,1079,26,0,2,,,12,,,12,,,,,16,8
12/16/2019 0:00,82,82,,1178,12,0,1,,,3,,,1,,,,,2,7
12/17/2019 0:00,123,108,,2529,6,1,0,,,2,,,8,,,,,1,9
12/18/2019 0:00,91,88,,4254,14,2,178,,,4,,,6,,,,,0,8
12/19/2019 0:00,161,134,,4383,18,949,0,,,7,,,6,,,,,6,3
12/20/2019 0:00,185,156,,4131,35,0,0,,,5,,,8,,,,,2,15
12/21/2019 0:00,343,290,,3843,96,120,4,,,11,,,28,,,,,34,7
12/22/2019 0:00,500,432,,3475,138,86,3,,,22,,,45,,,,,72,20
12/23/2019 0:00,407,439,,4456,134,665,5,,,20,,,38,,,,,66,2
12/24/2019 0:00,431,498,,3290,131,16,8,,,43,,,41,,,,,87,12
12/25/2019 0:00,491,528,,1703,164,35,2,,,32,,,54,,,,,125,8
12/26/2019 0:00,696,727,,2739,262,1503,24,,,37,,,69,,,,,98,8
12/27/2019 0:00,308,258,,2272,56,2,102,,,19,,,45,,,,,41,12
12/28/2019 0:00,354,370,,1318,91,0,7,,,13,,,39,,,,,22,4
12/29/2019 0:00,418,397,,971,104,9,2,,,20,,,37,,,,,37,7
12/30/2019 0:00,126,119,,1607,17,1,0,,,4,,,17,,,,,9,1
12/31/2019 0:00,153,145,,1831,21,1,2,,,1,,,14,,,,,7,4
1/1/2020 0:00,417,411,,2129,80,2,1,,,22,,,37,,,,,22,7
1/2/2020 0:00,325,306,,2965,77,6,2,,,29,,,29,,,,,30,11
1/3/2020 0:00,232,213,,1609,32,0,0,,,9,,,20,,,,,12,5
1/4/2020 0:00,214,143,,1076,19,2,0,,,8,,,12,,,,,5,6
1/5/2020 0:00,349,373,,2222,58,7,0,,,21,,,24,,,,,42,7
1/6/2020 0:00,225,224,,3087,42,2,1,,,10,,,21,,,,,19,6
1/7/2020 0:00,280,265,,3750,62,4,14,,,16,,,20,,,,,12,13
1/8/2020 0:00,227,194,,3368,34,2,40,,,3,,,14,,,,,5,8
1/9/2020 0:00,184,205,,2011,25,2,1,,,8,,,5,,,,,11,10
1/10/2020 0:00,296,231,,745,39,3,2,,,3,,,20,,,,,6,16
1/11/2020 0:00,160,102,,331,16,0,3,,,3,,,4,,,,,8,4
1/12/2020 0:00,166,115,,654,12,0,1,,,0,,,6,,,,,46,6
1/13/2020 0:00,259,215,,1709,33,2,1,,,10,,,17,,,,,27,10
1/14/2020 0:00,379,310,,2767,72,463,1,,,23,,,27,,,,,516,26
1/15/2020 0:00,279,240,,1292,257,1,0,,,5,,,11,,,,,284,16
1/16/2020 0:00,181,153,,3019,110,2,1,,,9,,,21,,,,,1004,12
1/17/2020 0:00,149,103,,1646,92,0,0,,,2,,,8,,,,,12,4
1/18/2020 0:00,95,82,,367,80,0,1,,,1,,,8,,,,,165,7
1/19/2020 0:00,69,48,,899,33,1,1,,,0,,,5,,,,,757,2
1/20/2020 0:00,119,97,,1553,76,0,0,,,3,,,5,,,,,528,11
1/21/2020 0:00,206,190,,2986,106,216,0,,,5,,,7,,,,,163,8
1/22/2020 0:00,236,189,,2418,178,0,3,,,2,,,12,,,,,172,14
1/23/2020 0:00,162,126,,153,92,3,1,,,116,,,8,,,,,645,7
1/24/2020 0:00,137,85,,1247,86,4,0,,,,,,9,,,,,182,5
1/25/2020 0:00,23,227,,1103,138,0,0,,,5,,,10,,,,,91,4
1/26/2020 0:00,268,228,,2209,199,302,0,,,43,,,7,,,,,450,2
1/27/2020 0:00,232,176,,1626,137,0,1,,,1,,,9,,,,,893,12
1/28/2020 0:00,250,221,,1789,161,4,0,,,6,,,9,,,,,204,13
1/29/2020 0:00,174,213,,1744,124,0,0,,,3,,,7,,,,,129,22
1/30/2020 0:00,292,219,,1951,157,3,1,,,7,,,10,,,,,157,14
1/31/2020 0:00,266,226,,2007,188,0,5,,,8,,,14,,,,,105,11
2/1/2020 0:00,357,535,,1448,260,2,2,,,10,,,12,,,,,154,6
2/2/2020 0:00,929,999,,2795,758,563,19,,,35,,,93,,,,,69,15
2/3/2020 0:00,624,592,,3329,410,23,9,,,20,,,44,,,,,211,27
2/4/2020 0:00,239,234,,1456,148,0,1,,,5,,,10,,,,,112,14
2/5/2020 0:00,168,123,,1104,77,0,1,,,5,,,6,,,,,567,10
2/6/2020 0:00,171,97,,1188,40,19,15,,,3,,,6,,,,,440,22
2/7/2020 0:00,289,172,,3804,145,1959,84,,,6,,,7,,,,,133,7
2/8/2020 0:00,289,370,,1991,201,2,0,,,6,,,5,,,,,134,14
2/9/2020 0:00,161,127,,411,102,0,0,,,0,,,5,,,,,641,5
2/10/2020 0:00,238,250,,1509,118,2,0,,,6,,,16,,,,,967,8
2/11/2020 0:00,286,265,,3102,209,3,0,,,11,,,17,,,,,839,23
2/12/2020 0:00,177,147,,1297,91,0,0,,,2,,,14,,,,,799,12
2/13/2020 0:00,91,44,,1419,64,0,2,,,2,,,8,,,,,783,4
2/14/2020 0:00,57,36,,3533,38,172,3,,,0,,,13,,,,,840,2
2/15/2020 0:00,183,134,,2347,152,0,0,,,2,,,4,,,,,483,7
2/16/2020 0:00,368,327,,3010,315,59,19,,,2,,,27,,,,,694,11
2/17/2020 0:00,165,121,,839,91,0,1,,,626,,,5,,,,,854,12
2/18/2020 0:00,311,268,,2546,216,3,2,,,7,,,15,,,,,1121,16
2/19/2020 0:00,228,193,,3076,143,294,1,,,6,,,19,,,,,886,13
2/20/2020 0:00,187,155,,3044,110,265,2,,,4,,,5,,,,,1044,12
2/21/2020 0:00,227,252,,3958,139,3558,5,,,2,,,10,,,,,593,4
2/22/2020 0:00,651,714,,3513,510,1199,8,,,25,,,41,,,,,87,14
2/23/2020 0:00,1009,1091,,3158,773,4226,15,,,48,,,111,,,,,154,16
2/24/2020 0:00,131,126,,654,116,0,1,,,0,,,8,,,,,67,10
2/25/2020 0:00,113,106,,620,63,0,0,,,1,,,4,,,,,111,13
2/26/2020 0:00,124,80,,1028,62,0,0,,,4,,,3,,,,,62,23
2/27/2020 0:00,232,167,,3412,142,235,0,,,1,,,22,,,,,97,8
2/28/2020 0:00,174,229,,2038,112,0,0,,,3,,,10,,,,,87,5
2/29/2020 0:00,409,559,,3886,400,644,1,,,21,,,9,,,,,94,6
3/1/2020 0:00,1257,1378,,3619,925,147,17,,,46,,,83,,,,,85,46
3/2/2020 0:00,474,457,,2886,297,10,3,,,14,,,33,,,,,43,21
3/3/2020 0:00,547,536,,3707,323,28,0,,,15,,,21,,,,,121,15
3/4/2020 0:00,541,503,,4120,333,13,3,,,19,,,36,,,,,45,17
3/5/2020 0:00,516,397,,3518,347,3,0,,,8,,,21,,,,,56,20
3/6/2020 0:00,282,214,,2931,202,10,0,,,18,,,24,,,,,42,13
3/7/2020 0:00,687,714,,3399,586,17,7,,,17,,,58,,,,,53,10
3/8/2020 0:00,977,1002,,2908,836,15,4,,,48,,,57,,,,,46,9
3/9/2020 0:00,124,111,,829,91,0,0,,,1,,,5,,,,,37,7
3/10/2020 0:00,277,245,,1674,233,4,0,,,29,,,13,,,,,49,12
3/11/2020 0:00,314,325,,2060,241,14,2,,,16,,,27,,,,,108,11
3/12/2020 0:00,312,329,,1829,202,6,0,,,20,,,34,,,,,97,8
3/13/2020 0:00,403,408,,3905,344,14,1,,,29,,,37,,,,,30,15
3/14/2020 0:00,156,118,,579,138,1,0,,,1,,,3,,,,,15,5
3/15/2020 0:00,516,525,,2299,421,12,6,,,23,,,19,,,,,60,9
3/16/2020 0:00,290,277,,1259,180,6,0,,,11,,,19,,,,,44,7
3/17/2020 0:00,744,882,,2610,694,378,12,,,78,,,57,,,,,58,17
3/18/2020 0:00,271,248,,824,187,2,2,,,8,,,21,,,,,38,11
3/19/2020 0:00,500,512,,677,396,2,6,,,37,,,22,,,,,80,10
3/20/2020 0:00,377,174,,886,296,6,0,,,18,,,19,,,,,173,18
3/21/2020 0:00,589,579,,1200,593,25,11,,,34,,,46,,,,,95,11
3/22/2020 0:00,319,309,,400,260,3,1,,,20,,,20,,,,,185,7
3/23/2020 0:00,609,598,,810,505,7,2,,,54,,,36,,,,,232,27
3/24/2020 0:00,525,661,,1071,495,9,10,,,58,,,56,,,,,112,16
3/25/2020 0:00,1198,1382,,1530,1051,38,25,,,99,,,91,,,,,216,34
3/26/2020 0:00,591,654,,826,599,12,19,,,69,,,64,,,,,168,31
3/27/2020 0:00,661,647,,1081,552,13,11,,,63,,,46,,,,,73,16
3/28/2020 0:00,790,859,,944,827,114,11,,,54,,,64,,,,,73,29
3/29/2020 0:00,735,799,,956,556,300,4,,,40,,,36,,,,,0,24
3/30/2020 0:00,1447,1560,,2539,1306,78,23,,,108,,,133,,,,,,90
3/31/2020 0:00,452,507,,937,377,11,2,,,76,,,39,,,,,,15
4/1/2020 0:00,1236,1293,,2450,1160,212,81,,,107,,,121,,,,,,229
4/2/2020 0:00,1232,1275,,2524,1161,70,46,,,104,,,162,,,,,,33
4/3/2020 0:00,1226,1325,,2415,1054,115,27,,,88,,,104,,,,,,61
4/4/2020 0:00,525,588,,773,519,10,12,,,52,,,39,,,,,,18
4/5/2020 0:00,1552,1439,,2094,1344,707,87,,,114,,,177,,,,,,68
4/6/2020 0:00,940,1114,,1787,858,60,30,,,66,,,85,,,,,,41
4/7/2020 0:00,1679,1568,,2833,1475,3913,108,,,170,,,234,,,,,,74
4/8/2020 0:00,1160,1166,,2068,1099,1125,419,,,73,,,144,,,,,,28
4/9/2020 0:00,393,402,,1146,302,3,17,,,22,,,30,,,,,,24
4/10/2020 0:00,845,957,,2135,856,35,32,,,105,,,78,,,,,,33
4/11/2020 0:00,1340,1358,,2141,1291,87,26,,,117,,,200,,,,,,27
4/12/2020 0:00,764,835,,787,666,7,23,,,72,,,65,,,,,,22
4/13/2020 0:00,368,461,,1047,304,1,4,,,20,,,25,,,,,,14
4/14/2020 0:00,489,566,,1347,469,11,11,,,52,,,38,,,,,,5
4/15/2020 0:00,365,383,,1017,302,4,5,,,25,,,19,,,,,,18
4/16/2020 0:00,448,487,,1054,475,23,10,,,41,,,40,,,,,,25
4/17/2020 0:00,209,267,,638,205,4,1,,,12,,,22,,,,,,6
4/18/2020 0:00,1230,1239,,2075,1064,5190,19,,,93,,,144,,,,,,30
4/19/2020 0:00,1587,1576,,2229,1526,97,122,,,137,,,206,,,,,,63
4/20/2020 0:00,966,1054,,2008,851,30,35,,,100,,,123,,,,,,37
4/21/2020 0:00,912,1029,,1872,744,15,8,,,93,,,99,,,,,,26
4/22/2020 0:00,1376,1500,,2721,1265,136,160,,,147,,,191,,,,,0,44
4/23/2020 0:00,647,645,,747,584,10,16,,,77,,,63,,,,,,20
4/24/2020 0:00,628,665,,1025,599,10,13,,,44,,,64,,,,,0,18
4/25/2020 0:00,59,57,,43,45,0,0,,,0,,,9,,,,,0,1
4/26/2020 0:00,1790,1793,,2103,1677,82,133,,,125,,,223,,,,,0,41
4/27/2020 0:00,999,1057,,1770,824,139,19,,,87,,,120,,,,,0,25
4/28/2020 0:00,1438,1419,,2373,1344,55,62,,,123,,,198,,,,,0,49
4/29/2020 0:00,244,257,,275,178,4,0,,,15,,,11,,,,,0,17
4/30/2020 0:00,1055,1154,,1825,881,16,21,,,71,,,99,,,,,0,51
5/1/2020 0:00,1413,1486,,2707,1229,89,54,,,101,,,172,,,,,0,41
5/2/2020 0:00,2070,1817,,3484,1889,91,265,,,101,,,323,,,,,0,67
5/3/2020 0:00,1371,1279,,1653,1232,31,52,,,112,,,182,,,,,0,48
5/4/2020 0:00,822,835,,1552,729,6,16,,,65,,,89,,,,,0,29
5/5/2020 0:00,214,241,,425,181,3,0,,,18,,,19,,,,,0,11
5/6/2020 0:00,1282,1335,,2497,1203,28,109,,,114,,,165,,,,,0,47
5/7/2020 0:00,1474,1404,,2732,1138,26,74,,,149,,,195,,,,,0,54
5/8/2020 0:00,792,759,,1671,615,6,3,,,55,,,56,,,,,0,10
5/9/2020 0:00,1334,1333,,2582,1284,112,50,,,69,,,185,,,,,0,41
5/10/2020 0:00,299,387,,608,288,2,5,,,16,,,27,,,,,0,14
5/11/2020 0:00,639,742,,1222,529,14,14,,,99,,,44,,,,,0,24
5/12/2020 0:00,1289,1282,,2333,1288,469,28,,,147,,,136,,,,,0,30
5/13/2020 0:00,760,862,,1458,748,18,5,,,84,,,50,,,,,0,42
5/14/2020 0:00,708,714,,1268,593,29,11,,,81,,,78,,,,,0,34
5/15/2020 0:00,1224,1242,,2416,1218,16,63,,,102,,,188,,,,,0,47
5/16/2020 0:00,1939,1709,,2861,1750,119,87,,,111,,,257,,,,,0,54
5/17/2020 0:00,338,337,,219,285,8,14,,,20,,,32,,,,,0,11
5/18/2020 0:00,628,678,,948,533,19,14,,,41,,,39,,,,,0,22
5/19/2020 0:00,610,603,,811,2694,8,9,,,,,,,,,,,0,72
5/20/2020 0:00,974,1045,,1615,878,271,12,,,,,,,,,,,,24
5/21/2020 0:00,1156,1090,,1975,,53,23,,,,,,,,,,,,22
5/22/2020 0:00,1826,1624,,3543,,119,66,,,,,,,,,,,,110
5/23/2020 0:00,1916,1720,,3192,,582,52,,,,,,,,,,,,41
5/24/2020 0:00,2163,1829,,3231,,408,44,,,,,,,,,,,,47
5/25/2020 0:00,1950,1872,,2517,,161,58,,,,,,,,,,,,47
5/26/2020 0:00,1500,1451,,1984,,66,24,,,,,,,,,,,,33
5/27/2020 0:00,1662,1597,,896,,393,40,,,,,,,,,,,,75
5/28/2020 0:00,1211,1211,,565,,663,33,,,,,,,,,,,,78
5/29/2020 0:00,1740,1572,,851,,108,45,,,,,,,,,,,,59
5/30/2020 0:00,2380,2067,,1441,,84,108,,,,,,,,,,,,47
5/31/2020 0:00,2305,2049,,1267,,490,106,,,,,,,,,,,,50
6/1/2020 0:00,1048,1093,,535,,295,27,,,,,,,,,,,,36
6/2/2020 0:00,1294,1223,,2391,,3788,43,,,,,,,,,,,,42
6/3/2020 0:00,1075,1101,,468,,1427,23,,,,,,,,,,,,26
6/4/2020 0:00,1511,1472,,744,,766,45,,,,,,,,,,,,89
6/5/2020 0:00,1408,1327,,712,,520,41,,,,,,,,,,,,253
6/6/2020 0:00,2025,1793,,1014,,1477,81,,,,,,,,,,,,61
6/7/2020 0:00,2115,1838,,1081,,296,60,,,,,,,,,,,,45
6/8/2020 0:00,1555,1450,,702,,347,28,,,,,,,,,,,,66
6/9/2020 0:00,697,686,,186,,11,10,,,,,,,,,,,,50
6/10/2020 0:00,1221,1233,,497,,1682,10,,,,,,,,,,,,64
6/11/2020 0:00,1635,1587,,870,,1093,53,,,,,,,,,,,,164
6/12/2020 0:00,1644,1550,,786,,555,34,,,,,,,,,,,,160
6/13/2020 0:00,2248,2010,,1235,,2087,81,,,,,,,,,,,,35
6/14/2020 0:00,1655,1952,,1067,,523,48,,,,,,,,,,,,63
6/15/2020 0:00,1646,1523,,789,,553,44,,,,,,,,,,,,26
6/16/2020 0:00,1743,1585,,841,,183,38,,,,,,,,,,,,108
6/17/2020 0:00,1607,1676,,865,,365,40,,,,,,,,,,,,83
6/18/2020 0:00,1474,1481,,693,,479,65,,,,1132,,,,,,,,12
6/19/2020 0:00,1383,1414,,670,,1128,34,,,,1245,,,,,,,,
6/20/2020 0:00,1352,1313,,559,,164,42,,,,1076,,,,,,,,
6/21/2020 0:00,1718,1580,,808,,345,33,,,,1359,,,,,,,,
6/22/2020 0:00,1032,1064,,499,,844,25,,,,1095,,,,,,,,
6/23/2020 0:00,1563,1832,,852,,98,40,,,,1665,,,,,,,,
6/24/2020 0:00,1722,1983,,876,,91,74,,,,1523,,,,,,,,
6/25/2020 0:00,1738,1685,,853,,363,63,,,,1523,,,,,,,,
6/26/2020 0:00,1191,1151,,557,,634,25,,,,987,,,,,,,,
6/27/2020 0:00,1332,1312,,643,,40,59,,,,1188,,,,,,,,
6/28/2020 0:00,1893,1653,,871,,320,54,,,,1551,,,,,,,,
6/29/2020 0:00,1313,1209,,593,,504,20,,,,1093,,,,,,,,
6/30/2020 0:00,1360,1242,,566,,47,29,,,,1204,,,,,,,,
7/1/2020 0:00,1420,1348,,642,,151,64,,,,1282,,,,,,,,
7/2/2020 0:00,1250,1279,,603,,765,34,,,,1187,,,,,,,,
7/3/2020 0:00,1375,1466,,731,,826,68,,,,1393,,,,,,,,
7/4/2020 0:00,1518,1444,,651,,82,72,,,,1333,,,,,,,,
7/5/2020 0:00,1562,1512,,699,,275,65,,,,1266,,,,,,,,
7/6/2020 0:00,1234,1164,,548,,180,39,,,,1115,,,,,,,,
7/7/2020 0:00,1185,1225,,478,,68,50,,,,1141,,,,,,,,
7/8/2020 0:00,1288,1221,,633,,828,42,,,,1143,,,,,,,,
7/9/2020 0:00,1208,1179,,572,,521,35,,,,1199,,,,,,,,
7/10/2020 0:00,1453,1331,,592,,331,29,,,,1230,,,,,,,,
7/11/2020 0:00,1430,1470,,736,,304,133,,,,1363,,,,,,,,
7/12/2020 0:00,1983,1768,,1063,,93,62,,,,1784,,,,,,,,
7/13/2020 0:00,1615,1550,,699,,238,182,,,,1438,,,,,,,,
7/14/2020 0:00,1462,1391,,745,,78,42,,,,1399,,,,,,,,
7/15/2020 0:00,726,806,,372,,25,14,,,,656,,,,,,,,
7/16/2020 0:00,1340,1437,,792,,137,307,,,,1384,,,,,,,,
7/17/2020 0:00,1272,1194,,751,,425,47,,,,1029,,,,,,,,
7/18/2020 0:00,1431,1335,,732,,206,46,,,,1319,,,,,,,,
7/19/2020 0:00,1258,1248,,665,,64,23,,,,1034,,,,,,,,
7/20/2020 0:00,1455,1452,,738,,69,58,,,,1442,,,,,,,,
7/21/2020 0:00,686,691,,312,,42,17,,,,693,,,,,,,,
7/22/2020 0:00,1494,1398,,815,,176,35,,,,1423,,,,,,,,
7/23/2020 0:00,1423,1406,,861,,328,156,,,,1237,,,,,,,,
7/24/2020 0:00,1425,1288,,951,,147,534,,,,1223,,,,,,,,
7/25/2020 0:00,1566,1567,,922,,68,51,,,,1240,,,,,,,,
7/26/2020 0:00,1278,1277,,727,,69,51,,,,1118,,,,,,,,
7/27/2020 0:00,967,1014,,462,,48,56,,,,924,,,,,,,,
7/28/2020 0:00,1514,1443,,966,,62,100,,,,1456,,,,,,,,
7/29/2020 0:00,1384,1347,,821,0,54,42,,,,1338,,,,,,,,
7/30/2020 0:00,667,636,,236,,13,16,,,,546,,,,,,,,
7/31/2020 0:00,1333,1237,,615,,55,35,,,,1131,,,,,,,,
8/1/2020 0:00,1045,944,,567,,44,47,,,,818,,,,,,,,
8/2/2020 0:00,1877,1808,,1071,,102,56,,,,1686,,,,,,,,
8/3/2020 0:00,1374,1406,,706,,41,38,,,,1216,,,,,,,,
8/4/2020 0:00,1636,1564,,899,,49,205,,,,1385,,,,,,,,
8/5/2020 0:00,1548,1505,,912,,74,77,,,,1357,,,,,,,,
8/6/2020 0:00,1429,1475,,976,,62,62,,,,1342,,,,,,,,
8/7/2020 0:00,1353,1386,,908,,61,61,,,,1268,,,,,,,,
8/8/2020 0:00,1550,1455,,819,,92,52,,,,1413,,,,,,,,
8/9/2020 0:00,1698,1588,,877,,114,54,,,,1413,,,,,,,,
8/10/2020 0:00,809,806,,398,,41,60,,,,742,,,,,,,,
8/11/2020 0:00,1576,1522,,849,,76,285,,,,1377,,,,,,,,
8/12/2020 0:00,1384,1421,,879,0,66,594,,,,1246,,,,,,,,
8/13/2020 0:00,1388,1457,,774,,57,216,,,,1303,,,,,,,,
8/14/2020 0:00,1345,1412,,756,,56,323,,,,1221,,,,,,,,
8/15/2020 0:00,1718,1665,,849,,158,77,,,,1424,,,,,,,,
8/16/2020 0:00,2261,2071,,1179,,317,86,,,,1850,,,,,,,,
8/17/2020 0:00,1388,1509,,742,,621,43,,,,1239,,,,,,,,
8/18/2020 0:00,1568,1557,,751,,427,293,,,,1518,,,,,,,,
8/19/2020 0:00,1686,1738,,770,,43,267,,,,1371,,,,,,,,
8/20/2020 0:00,1508,1443,,770,,50,77,,,,1543,,,,,,,,
8/21/2020 0:00,1677,1334,,783,,87,85,,,,1216,,,,,,,,
8/22/2020 0:00,1747,1851,,939,,143,74,,,,1612,,,,,,,,
8/23/2020 0:00,1547,1543,,800,,72,39,,,,1371,,,,,,,,
8/24/2020 0:00,1216,1223,,608,,47,28,,,,1179,,,,,,,,
8/25/2020 0:00,1244,1231,,657,,45,46,,,,1146,,,,,,,,
8/26/2020 0:00,1235,1235,,582,,54,22,,,,1132,,,,,,,,
8/27/2020 0:00,1186,1196,,541,,44,22,,,,1081,,,,,,,,
8/28/2020 0:00,1163,1126,,536,,80,36,,,,1077,,,,,,,,
8/29/2020 0:00,1828,1880,,902,,80,81,,,,1678,,,,,,,,
8/30/2020 0:00,1910,1937,,1108,,83,67,,,,1638,,,,,,,,
8/31/2020 0:00,1320,1338,,594,,66,33,,,,1265,,,,,,,,
9/1/2020 0:00,727,817,,267,,13,26,,,,700,,,,,,,,
9/2/2020 0:00,1450,1467,,576,,83,60,,,,1337,,,,,,,,
9/3/2020 0:00,1235,1202,,478,,34,21,,,,1204,,,,,,,,
9/4/2020 0:00,1434,1271,,583,,84,175,,,,1178,,,,,,,,
9/5/2020 0:00,1603,1591,,713,,89,91,,,,1375,,,,,,,,
9/6/2020 0:00,708,782,,227,,22,10,,,,624,,,,,,,,
9/7/2020 0:00,1742,1752,,845,,103,72,,,,1695,,,,,,,,
9/8/2020 0:00,724,706,,172,,17,20,,,,704,,,,,,,,
9/9/2020 0:00,1145,1132,,394,,54,34,,,,1063,,,,,,,,
9/10/2020 0:00,993,1033,,277,,7,18,,,,811,,,,,,,,
9/11/2020 0:00,1060,1115,,376,,41,42,,,,931,,,,,,,,
9/12/2020 0:00,676,615,,178,,34,23,,,,485,,,,,,,,
9/13/2020 0:00,1809,1722,,830,,85,446,,,,1608,,,,,,,,
9/14/2020 0:00,1207,1243,,454,,77,40,,,,1176,,,,,,,,
9/15/2020 0:00,1364,1343,,434,,62,67,,,,1285,,,,,,,,
9/16/2020 0:00,1359,1272,,444,,71,25,,,,1173,,,,,,,,
9/17/2020 0:00,1214,1178,,371,,39,43,,,,1008,,,,,,,,
9/18/2020 0:00,1077,1070,,321,,58,37,,,,924,,,,,,,,
9/19/2020 0:00,1422,1383,,587,,86,61,,,,1164,,,,,,,,
9/20/2020 0:00,1340,1316,,586,,56,55,,,,1262,,,,,,,,
9/21/2020 0:00,1140,1123,,377,,86,54,,,,1096,,,,,,,,
9/22/2020 0:00,1199,1187,,456,,69,37,,,,1138,,,,,,,,
9/23/2020 0:00,1272,1299,,415,,68,30,,,,1185,,,,,,,,
9/24/2020 0:00,1194,1234,,406,,90,27,,,,1081,,,,,,,,
9/25/2020 0:00,1295,1243,,525,,90,35,,,,1161,,,,,,,,
9/26/2020 0:00,1389,1490,,509,,105,31,,,,1235,,,,,,,,
9/27/2020 0:00,1305,1209,,578,,74,44,,,,1155,,,,,,,,
9/28/2020 0:00,756,772,,151,,27,17,,,,778,,,,,,,,
9/29/2020 0:00,851,864,,247,,19,21,,,,827,,,,,,,,
9/30/2020 0:00,875,908,,193,,16,6,,,,704,,,,,,,,
10/1/2020 0:00,668,670,,185,,13,6,,,,533,,,,,,,,
10/2/2020 0:00,773,754,,215,,28,21,,,,626,,,,,,,,
10/3/2020 0:00,616,664,,148,,,47,,,,556,,,,,,,,
10/4/2020 0:00,895,977,,301,,,30,,,,852,,,,,,,,
10/5/2020 0:00,884,926,,216,,0,20,,,,832,,,,,,,,
10/6/2020 0:00,1093,1166,,391,,5,27,,,,1185,,,,,,,,
10/7/2020 0:00,1220,1196,,448,,8,46,,,,1222,,,,,,,,
10/8/2020 0:00,1070,1022,,382,,23,325,,,,1074,,,,,,,,
10/9/2020 0:00,1094,1137,,405,,,14,,,,957,,,,,,,,
10/10/2020 0:00,1562,1522,,661,,,36,,,,1262,,,,,,,,
10/11/2020 0:00,1455,1563,,665,,,56,,,,1318,,,,,,,,
10/12/2020 0:00,772,733,,192,,,10,,,,592,,,,,,,,
10/13/2020 0:00,930,1035,,318,,,22,,,,995,,,,,,,,
10/14/2020 0:00,931,932,,190,,,14,,,,809,,,,,,,,
10/15/2020 0:00,649,668,,129,,,18,,,,650,,,,,,,,
10/16/2020 0:00,716,684,,117,,,7,,,,539,,,,,,,,
10/17/2020 0:00,720,793,,115,,,7,,,,587,,,,,,,,
10/18/2020 0:00,584,597,,151,,,2,,,,413,,,,,,,,
10/19/2020 0:00,541,566,,88,,,3,,,,532,,,,,,,,
10/20/2020 0:00,499,551,,79,,,10,,,,474,,,,,,,,
10/21/2020 0:00,727,673,,224,,,18,,,,633,,,,,,,,
10/22/2020 0:00,1265,1236,,402,,,22,,,,1119,,,,,,,,
10/23/2020 0:00,297,287,,34,,,3,,,,226,,,,,,,,
10/24/2020 0:00,627,626,,159,,,19,,,,648,,,,,,,,
10/25/2020 0:00,439,480,,74,,,9,,,,416,,,,,,,,
10/26/2020 0:00,307,330,,29,,,7,,,,205,,,,,,,,
10/27/2020 0:00,327,318,,35,,,0,,,,322,,,,,,,,
10/28/2020 0:00,606,639,,124,,,5,,,,468,,,,,,,,
10/29/2020 0:00,465,506,,51,,,4,,,,398,,,,,,,,
10/30/2020 0:00,719,628,,110,293,,258,,,,524,,,,,,,,
10/31/2020 0:00,828,859,,185,779,,16,,,,689,,,,,,,,
11/1/2020 0:00,411,438,,28,300,,16,,,,343,,,,,,,,
11/2/2020 0:00,484,462,,72,329,,15,,,,484,,,,,,,,
11/3/2020 0:00,1050,997,,291,872,,19,,,,979,,,,,,,,
11/4/2020 0:00,883,902,,221,651,,14,,,,879,,,,,,,,
11/5/2020 0:00,969,995,,235,786,,18,,,,970,,,,,,,,
11/6/2020 0:00,1185,1116,,302,780,,20,,,,976,,,,,,,,
11/7/2020 0:00,1416,1460,,584,1141,,39,,,,1223,,,,,,,,
11/8/2020 0:00,1476,1396,,539,1163,,28,,,,1138,,,,,,,,
11/9/2020 0:00,929,926,,207,682,,9,,,,857,,,,,,,,
11/10/2020 0:00,540,532,,84,431,,5,,,,278,,,,,,,,
11/11/2020 0:00,469,486,,85,382,,16,,,,,,,,,,,,
11/12/2020 0:00,589,563,,123,508,,14,,,,,,,,,,,,
11/13/2020 0:00,389,379,,59,333,,11,,,,,,,,,,,,
11/14/2020 0:00,330,379,,33,308,,0,,,,,,,,,,,,
11/15/2020 0:00,347,400,,26,261,,1,,,,,,,,,,,,
11/16/2020 0:00,520,583,,120,449,8763,10,,,,,,,,,,,,
11/17/2020 0:00,448,486,,59,375,,5,,,,,,,,,,,,
11/18/2020 0:00,497,485,,79,413,2,9,,,,,,,,,,,,
11/19/2020 0:00,581,545,,85,505,0,9,,,,,,,,,,,,
11/20/2020 0:00,884,781,,260,733,,27,,,,,,,,,,,,
11/21/2020 0:00,525,539,,85,508,0,8,,,,,,,,,,,,
11/22/2020 0:00,380,416,,73,380,0,12,,,,,,,,,,,,
11/23/2020 0:00,391,457,,84,422,3,40,,,,,,,,,,,,
11/24/2020 0:00,234,256,,20,253,0,1,,,,,,,,,,,,
11/25/2020 0:00,194,236,,34,219,2,3,,,,,,,,,,,,
11/26/2020 0:00,448,546,,80,533,6,7,,,,,,,,,,,,
11/27/2020 0:00,465,476,,91,481,6,20,,,,,,,,,,,,
11/28/2020 0:00,644,705,,182,639,20,10,,,,,,,,,,,,
11/29/2020 0:00,495,517,,109,436,14,14,,,,,,,,,,,,
11/30/2020 0:00,256,239,,13,231,0,2,,,,,,,,,,,,
